arm,id,engine,seconds,n_knots,n_cells,n_obs,sec_per_knot,sec_per_knot_cell,sec_per_tag_day
ffbs_fusion,2021027,TwilightFreeSMC(ffbs),72.83,488,1000,11686,0.1492,0.0001492,0.2992
ffbs_fusion,2023032,TwilightFreeSMC(ffbs),69.94,465,1000,11132,0.1504,0.0001504,0.3016
ffbs_fusion,2023039,TwilightFreeSMC(ffbs),72.76,482,1000,11526,0.151,0.000151,0.303
ffbs_light,2021027,TwilightFreeSMC(ffbs),72.77,488,1000,11686,0.1491,0.0001491,0.2989
ffbs_light,2023032,TwilightFreeSMC(ffbs),70.62,465,1000,11132,0.1519,0.0001519,0.3045
ffbs_light,2023039,TwilightFreeSMC(ffbs),72.86,482,1000,11526,0.1512,0.0001512,0.3034
grid_cal_pertag,2021023,TwilightFreeGrid,164.36,275,5000,6570,0.5977,0.0001195,1.2008
grid_cal_pertag,2021025,TwilightFreeGrid,286.24,477,5000,11425,0.6001,0.00012,1.2027
grid_cal_pertag,2021026,TwilightFreeGrid,287.89,478,5000,11438,0.6023,0.0001205,1.2083
grid_cal_pertag,2021027,TwilightFreeGrid,293,488,5000,11686,0.6004,0.0001201,1.2035
grid_cal_pertag,2021028,TwilightFreeGrid,280.99,468,5000,11206,0.6004,0.0001201,1.2038
grid_cal_pertag,2021031,TwilightFreeGrid,214.28,352,5000,8412,0.6088,0.0001218,1.2228
grid_cal_pertag,2021032,TwilightFreeGrid,299.95,496,5000,11868,0.6047,0.0001209,1.2133
grid_cal_pertag,2021033,TwilightFreeGrid,288.14,476,5000,11386,0.6053,0.0001211,1.2148
grid_cal_pertag,2021034,TwilightFreeGrid,275.58,459,5000,10991,0.6004,0.0001201,1.2036
grid_cal_pertag,2021035,TwilightFreeGrid,286.51,477,5000,11416,0.6006,0.0001201,1.2047
grid_cal_pertag,2022039,TwilightFreeGrid,193.7,324,5000,7747,0.5978,0.0001196,1.2003
grid_cal_pertag,2022040,TwilightFreeGrid,293.3,488,5000,11684,0.601,0.0001202,1.2049
grid_cal_pertag,2022041,TwilightFreeGrid,291.94,485,5000,11596,0.6019,0.0001204,1.2086
grid_cal_pertag,2022042,TwilightFreeGrid,295.75,493,5000,11791,0.5999,0.00012,1.2039
grid_cal_pertag,2022043,TwilightFreeGrid,291.61,486,5000,11635,0.6,0.00012,1.203
grid_cal_pertag,2022044,TwilightFreeGrid,288.87,479,5000,11467,0.6031,0.0001206,1.2092
grid_cal_pertag,2022045,TwilightFreeGrid,274.47,457,5000,10925,0.6006,0.0001201,1.2059
grid_cal_pertag,2022046,TwilightFreeGrid,291.51,486,5000,11618,0.5998,0.00012,1.2044
grid_cal_pertag,2022048,TwilightFreeGrid,280.65,467,5000,11170,0.601,0.0001202,1.2061
grid_cal_pertag,2023030,TwilightFreeGrid,294.19,490,5000,11732,0.6004,0.0001201,1.2036
grid_cal_pertag,2023032,TwilightFreeGrid,279.08,465,5000,11132,0.6002,0.00012,1.2035
grid_cal_pertag,2023034,TwilightFreeGrid,376.43,627,5000,15014,0.6004,0.0001201,1.2035
grid_cal_pertag,2023035,TwilightFreeGrid,278.64,463,5000,11088,0.6018,0.0001204,1.2062
grid_cal_pertag,2023036,TwilightFreeGrid,304.89,506,5000,12107,0.6025,0.0001205,1.2088
grid_cal_pertag,2023037,TwilightFreeGrid,295.58,492,5000,11764,0.6008,0.0001202,1.206
grid_cal_pertag,2023038,TwilightFreeGrid,280.36,466,5000,11147,0.6016,0.0001203,1.2073
grid_cal_pertag,2023039,TwilightFreeGrid,289.05,482,5000,11526,0.5997,0.0001199,1.2037
grid_cal_pertag,2023040,TwilightFreeGrid,239,398,5000,9525,0.6005,0.0001201,1.2043
grid_cal_pertag,2023041,TwilightFreeGrid,280.25,466,5000,11159,0.6014,0.0001203,1.2055
grid_cal_untrunc,2021023,TwilightFreeGrid,164.98,275,5000,6570,0.5999,0.00012,1.2054
grid_cal_untrunc,2021025,TwilightFreeGrid,286.83,477,5000,11425,0.6013,0.0001203,1.2052
grid_cal_untrunc,2021026,TwilightFreeGrid,288.51,478,5000,11438,0.6036,0.0001207,1.2109
grid_cal_untrunc,2021027,TwilightFreeGrid,294.71,488,5000,11686,0.6039,0.0001208,1.2106
grid_cal_untrunc,2021028,TwilightFreeGrid,281.69,468,5000,11206,0.6019,0.0001204,1.2068
grid_cal_untrunc,2021031,TwilightFreeGrid,210.6,352,5000,8412,0.5983,0.0001197,1.2018
grid_cal_untrunc,2021032,TwilightFreeGrid,297.86,496,5000,11868,0.6005,0.0001201,1.2048
grid_cal_untrunc,2021033,TwilightFreeGrid,286.06,476,5000,11386,0.601,0.0001202,1.206
grid_cal_untrunc,2021034,TwilightFreeGrid,275.92,459,5000,10991,0.6011,0.0001202,1.2051
grid_cal_untrunc,2021035,TwilightFreeGrid,287.39,477,5000,11416,0.6025,0.0001205,1.2084
grid_cal_untrunc,2022039,TwilightFreeGrid,194.49,324,5000,7747,0.6003,0.0001201,1.2052
grid_cal_untrunc,2022040,TwilightFreeGrid,294.28,488,5000,11684,0.603,0.0001206,1.2089
grid_cal_untrunc,2022041,TwilightFreeGrid,292.53,485,5000,11596,0.6032,0.0001206,1.211
grid_cal_untrunc,2022042,TwilightFreeGrid,297.74,493,5000,11791,0.6039,0.0001208,1.212
grid_cal_untrunc,2022043,TwilightFreeGrid,292.17,486,5000,11635,0.6012,0.0001202,1.2053
grid_cal_untrunc,2022044,TwilightFreeGrid,288.08,479,5000,11467,0.6014,0.0001203,1.2059
grid_cal_untrunc,2022045,TwilightFreeGrid,274.42,457,5000,10925,0.6005,0.0001201,1.2057
grid_cal_untrunc,2022046,TwilightFreeGrid,292.19,486,5000,11618,0.6012,0.0001202,1.2072
grid_cal_untrunc,2022048,TwilightFreeGrid,280,467,5000,11170,0.5996,0.0001199,1.2033
grid_cal_untrunc,2023030,TwilightFreeGrid,295.01,490,5000,11732,0.6021,0.0001204,1.2069
grid_cal_untrunc,2023032,TwilightFreeGrid,279.36,465,5000,11132,0.6008,0.0001202,1.2047
grid_cal_untrunc,2023034,TwilightFreeGrid,377.17,627,5000,15014,0.6015,0.0001203,1.2058
grid_cal_untrunc,2023035,TwilightFreeGrid,278.36,463,5000,11088,0.6012,0.0001202,1.205
grid_cal_untrunc,2023036,TwilightFreeGrid,304.47,506,5000,12107,0.6017,0.0001203,1.2071
grid_cal_untrunc,2023037,TwilightFreeGrid,299.18,492,5000,11764,0.6081,0.0001216,1.2207
grid_cal_untrunc,2023038,TwilightFreeGrid,280.39,466,5000,11147,0.6017,0.0001203,1.2074
grid_cal_untrunc,2023039,TwilightFreeGrid,291.07,482,5000,11526,0.6039,0.0001208,1.2121
grid_cal_untrunc,2023040,TwilightFreeGrid,238.87,398,5000,9525,0.6002,0.00012,1.2036
grid_cal_untrunc,2023041,TwilightFreeGrid,282.13,466,5000,11159,0.6054,0.0001211,1.2136
grid_fusion,2021023,TwilightFreeGrid,131.12,275,5000,6570,0.4768,9.536e-05,0.958
grid_fusion,2021025,TwilightFreeGrid,227.97,477,5000,11425,0.4779,9.558e-05,0.9579
grid_fusion,2021026,TwilightFreeGrid,227.96,478,5000,11438,0.4769,9.538e-05,0.9568
grid_fusion,2021027,TwilightFreeGrid,233.8,488,5000,11686,0.4791,9.582e-05,0.9604
grid_fusion,2021028,TwilightFreeGrid,223.45,468,5000,11206,0.4775,9.549e-05,0.9573
grid_fusion,2021031,TwilightFreeGrid,167.17,352,5000,8412,0.4749,9.498e-05,0.954
grid_fusion,2021032,TwilightFreeGrid,237.44,496,5000,11868,0.4787,9.574e-05,0.9604
grid_fusion,2021033,TwilightFreeGrid,227.41,476,5000,11386,0.4778,9.555e-05,0.9588
grid_fusion,2021034,TwilightFreeGrid,218.65,459,5000,10991,0.4764,9.527e-05,0.955
grid_fusion,2021035,TwilightFreeGrid,229.5,477,5000,11416,0.4811,9.623e-05,0.965
grid_fusion,2022039,TwilightFreeGrid,154.42,324,5000,7747,0.4766,9.532e-05,0.9569
grid_fusion,2022040,TwilightFreeGrid,233.5,488,5000,11684,0.4785,9.57e-05,0.9592
grid_fusion,2022041,TwilightFreeGrid,232.64,485,5000,11596,0.4797,9.593e-05,0.9631
grid_fusion,2022042,TwilightFreeGrid,236.11,493,5000,11791,0.4789,9.578e-05,0.9612
grid_fusion,2022043,TwilightFreeGrid,232.69,486,5000,11635,0.4788,9.576e-05,0.9599
grid_fusion,2022044,TwilightFreeGrid,229.93,479,5000,11467,0.48,9.6e-05,0.9625
grid_fusion,2022045,TwilightFreeGrid,218.03,457,5000,10925,0.4771,9.542e-05,0.958
grid_fusion,2022046,TwilightFreeGrid,231.85,486,5000,11618,0.4771,9.541e-05,0.9579
grid_fusion,2022048,TwilightFreeGrid,222.7,467,5000,11170,0.4769,9.537e-05,0.9571
grid_fusion,2023030,TwilightFreeGrid,234.52,490,5000,11732,0.4786,9.572e-05,0.9594
grid_fusion,2023032,TwilightFreeGrid,220.68,465,5000,11132,0.4746,9.492e-05,0.9516
grid_fusion,2023034,TwilightFreeGrid,297.44,627,5000,15014,0.4744,9.488e-05,0.9509
grid_fusion,2023035,TwilightFreeGrid,219.45,463,5000,11088,0.474,9.479e-05,0.95
grid_fusion,2023036,TwilightFreeGrid,242.16,506,5000,12107,0.4786,9.572e-05,0.9601
grid_fusion,2023037,TwilightFreeGrid,235.73,492,5000,11764,0.4791,9.583e-05,0.9618
grid_fusion,2023038,TwilightFreeGrid,221.52,466,5000,11147,0.4754,9.507e-05,0.9539
grid_fusion,2023039,TwilightFreeGrid,230.05,482,5000,11526,0.4773,9.546e-05,0.958
grid_fusion,2023040,TwilightFreeGrid,190.25,398,5000,9525,0.478,9.56e-05,0.9586
grid_fusion,2023041,TwilightFreeGrid,222.35,466,5000,11159,0.4771,9.543e-05,0.9564
grid_light,2021023,TwilightFreeGrid,166.15,275,5000,6570,0.6042,0.0001208,1.2139
grid_light,2021025,TwilightFreeGrid,289.92,477,5000,11425,0.6078,0.0001216,1.2182
grid_light,2021026,TwilightFreeGrid,288.76,478,5000,11438,0.6041,0.0001208,1.2119
grid_light,2021027,TwilightFreeGrid,294.86,488,5000,11686,0.6042,0.0001208,1.2112
grid_light,2021028,TwilightFreeGrid,284.81,468,5000,11206,0.6086,0.0001217,1.2201
grid_light,2021031,TwilightFreeGrid,212.08,352,5000,8412,0.6025,0.0001205,1.2102
grid_light,2021032,TwilightFreeGrid,299.59,496,5000,11868,0.604,0.0001208,1.2118
grid_light,2021033,TwilightFreeGrid,287.39,476,5000,11386,0.6038,0.0001208,1.2117
grid_light,2021034,TwilightFreeGrid,277.55,459,5000,10991,0.6047,0.0001209,1.2122
grid_light,2021035,TwilightFreeGrid,289.89,477,5000,11416,0.6077,0.0001215,1.2189
grid_light,2022039,TwilightFreeGrid,195.21,324,5000,7747,0.6025,0.0001205,1.2096
grid_light,2022040,TwilightFreeGrid,295.3,488,5000,11684,0.6051,0.000121,1.2131
grid_light,2022041,TwilightFreeGrid,292.98,485,5000,11596,0.6041,0.0001208,1.2129
grid_light,2022042,TwilightFreeGrid,297.8,493,5000,11791,0.6041,0.0001208,1.2123
grid_light,2022043,TwilightFreeGrid,293.33,486,5000,11635,0.6036,0.0001207,1.2101
grid_light,2022044,TwilightFreeGrid,290.76,479,5000,11467,0.607,0.0001214,1.2171
grid_light,2022045,TwilightFreeGrid,275.25,457,5000,10925,0.6023,0.0001205,1.2094
grid_light,2022046,TwilightFreeGrid,292.78,486,5000,11618,0.6024,0.0001205,1.2097
grid_light,2022048,TwilightFreeGrid,281.51,467,5000,11170,0.6028,0.0001206,1.2098
grid_light,2023030,TwilightFreeGrid,295.33,490,5000,11732,0.6027,0.0001205,1.2082
grid_light,2023032,TwilightFreeGrid,281.61,465,5000,11132,0.6056,0.0001211,1.2144
grid_light,2023034,TwilightFreeGrid,376.72,627,5000,15014,0.6008,0.0001202,1.2044
grid_light,2023035,TwilightFreeGrid,278.97,463,5000,11088,0.6025,0.0001205,1.2077
grid_light,2023036,TwilightFreeGrid,305.91,506,5000,12107,0.6046,0.0001209,1.2129
grid_light,2023037,TwilightFreeGrid,297.21,492,5000,11764,0.6041,0.0001208,1.2127
grid_light,2023038,TwilightFreeGrid,280.96,466,5000,11147,0.6029,0.0001206,1.2099
grid_light,2023039,TwilightFreeGrid,291.54,482,5000,11526,0.6049,0.000121,1.2141
grid_light,2023040,TwilightFreeGrid,238.87,398,5000,9525,0.6002,0.00012,1.2036
grid_light,2023041,TwilightFreeGrid,281.25,466,5000,11159,0.6035,0.0001207,1.2098
grid_light_freeend,2022048,TwilightFreeGrid,323.03,467,5000,11170,0.6917,0.0001383,1.3883
grid_light_freeend,2023032,TwilightFreeGrid,330.76,465,5000,11132,0.7113,0.0001423,1.4263
grid_light_freeend,2023034,TwilightFreeGrid,444.74,627,5000,15014,0.7093,0.0001419,1.4219
hier_fusion,ALL,TwilightFreeHier,808.29,,,322225,,,0.1204
hier_light,ALL,TwilightFreeHier,784.33,,,322225,,,0.1168
