arm,id,season,family,serial,calibrated,n_knots,n_scored,frac_scored,median_km,mean_km,q90_km,bias_lat,rmse_lat,bias_lon,rmse_lon,lat_sd,lon_sd,cover_lat,cover_lon,log_z
hier_light,2021023,2021,Mk9_219,2190018,TRUE,274,262,0.956,156.4,182.4,365.2,-0.212,1.797,0.367,0.805,1.401,1.242,0.901,1,
hier_light,2021025,2021,Mk9_219,2190020,TRUE,476,455,0.956,159.3,190.6,332.1,-1.264,1.929,0.2,0.578,1.466,1.235,0.908,1,
hier_light,2021026,2021,Mk9_219,2190022,TRUE,477,459,0.962,234.6,274.1,575.8,-1.261,2.898,0.686,0.901,1.205,1.127,0.545,1,
hier_light,2021027,2021,Mk9_219,2190047,TRUE,487,464,0.953,172.9,219.5,463.3,-1.508,2.365,0.25,0.634,1.26,1.244,0.705,1,
hier_light,2021028,2021,Mk9_219,2190039,TRUE,467,453,0.97,189.8,261.5,616.4,-1.91,2.998,0.278,0.68,1.561,1.272,0.79,1,
hier_light,2021031,2021,Mk9_219,2190062,TRUE,351,340,0.969,206.1,299,699.3,-1.597,3.424,0.314,0.796,1.753,1.498,0.732,1,
hier_light,2021032,2021,Mk9_219,2190072,TRUE,495,474,0.958,669.1,688.7,1077.3,0.745,6.755,-0.073,0.964,1.502,1.339,0.133,0.996,
hier_light,2021033,2021,Mk9_219,2190068,TRUE,475,452,0.952,186.8,227,427.8,-1.704,2.355,0.162,0.648,1.129,1.227,0.591,1,
hier_light,2021034,2021,Mk9_219,2190071,TRUE,458,439,0.959,232,291.8,619.9,-1.892,3.165,0.238,0.617,1.365,1.149,0.617,1,
hier_light,2021035,2021,Mk9_219,2190065,TRUE,476,446,0.937,340.8,349.1,731.7,-1.267,3.688,0.415,0.756,1.606,1.293,0.498,1,
hier_light,2022039,2022,Mk9_219,2190051,TRUE,323,78,0.241,224.1,241.9,352.7,0.99,2.55,0.093,1.248,1.178,1.491,0.628,0.949,
hier_light,2022040,2022,Mk9_219,2190014,TRUE,487,103,0.211,478.7,518.7,878,-3.142,5.013,1.578,1.859,1.271,1.188,0.214,0.777,
hier_light,2022041,2022,Mk9_219,2190018,TRUE,484,467,0.965,320,308.9,629.3,-1.645,3.292,0.776,1.249,1.481,1.324,0.555,0.919,
hier_light,2022042,2022,Mk9_219,2190068,TRUE,492,423,0.86,376.7,466,915.1,-1.165,4.938,0.128,0.762,1.514,1.288,0.338,1,
hier_light,2022043,2022,Mk9_219,2190071,TRUE,485,459,0.946,363.7,325.4,449,0.265,3.088,0.236,0.554,0.979,0.926,0.22,0.998,
hier_light,2022046,2022,Mk9_219,2190072,TRUE,485,476,0.981,212.3,263.9,675,-1.175,3.003,0.093,0.553,1.436,1.254,0.683,1,
hier_light,2023030,2023,Mk9_219,2190018,TRUE,489,378,0.773,242.1,244.5,416.1,-1.473,2.345,0.644,1.026,1.23,1.141,0.55,0.992,
hier_light,2023032,2023,Mk9_219,2190039,TRUE,464,460,0.991,533.7,536.2,877.8,-1.267,5.23,0.236,0.665,1.43,1.312,0.198,0.996,
hier_light,2023034,2023,Mk9_219,2190065,TRUE,626,295,0.471,319.2,349.9,650.4,-2.152,3.637,0.68,1.234,1.272,1.134,0.407,0.912,
hier_light,2023035,2023,Mk9_219,2190072,TRUE,462,374,0.81,525.3,560.8,1012,-1.651,5.686,0.076,0.843,1.547,1.298,0.176,0.997,
hier_light,2023036,2023,Mk9_219,2190068,TRUE,505,400,0.792,146.4,181.4,423.9,-1.163,1.982,0.335,0.853,1.181,1.396,0.825,0.995,
hier_light,2023037,2023,Mk9_219,2190020,TRUE,491,460,0.937,882.9,921.4,1530.2,-2.464,8.962,0.158,0.745,1.701,1.471,0.054,1,
hier_light,2023038,2023,Mk9_219,2190062,TRUE,465,449,0.966,401.6,486,1007.9,-2.614,5.171,0.297,0.759,1.683,1.4,0.363,1,
hier_light,2023039,2023,Mk9_219,2190051,TRUE,481,456,0.948,460.6,467.9,816.3,-2.448,4.872,0.42,0.786,1.563,1.35,0.366,1,
hier_light,2023040,2023,Mk9_219,2190047,TRUE,397,373,0.94,333.3,384.7,819.2,-1.456,4.116,-0.025,0.801,1.969,1.52,0.625,1,
hier_light,2022044,2022,F18A,18A0779,TRUE,478,135,0.282,113.6,147.2,284.3,-0.753,1.549,-0.045,0.775,1.406,1.362,0.889,1,
hier_light,2022045,2022,F18A,18A0776,TRUE,456,286,0.627,233.9,310.5,700.2,-2.309,3.458,0.282,0.859,1.391,1.215,0.587,0.983,
hier_light,2022048,2022,F18A,18A0778,TRUE,466,380,0.815,329.6,393.7,836.9,-1.437,4.245,-0.322,0.778,1.473,1.361,0.455,1,
hier_light,2023041,2023,F18A,18A0779,TRUE,465,195,0.419,305.5,362,694,-3.131,3.743,-0.122,0.718,1.29,1.225,0.344,1,
hier_fusion,2021023,2021,Mk9_219,2190018,TRUE,274,262,0.956,158.9,179.4,331.9,-0.312,1.673,0.198,0.981,1.303,1.173,0.92,0.958,
hier_fusion,2021025,2021,Mk9_219,2190020,TRUE,476,455,0.956,154.5,173.3,336.7,-1.124,1.75,0.167,0.603,1.395,1.215,0.879,0.998,
hier_fusion,2021026,2021,Mk9_219,2190022,TRUE,477,459,0.962,228.4,276.5,562.4,-1.32,2.894,0.631,0.939,1.204,1.087,0.569,0.989,
hier_fusion,2021027,2021,Mk9_219,2190047,TRUE,487,464,0.953,181.1,220.6,447.1,-1.483,2.222,-0.15,0.907,1.164,1.114,0.731,0.888,
hier_fusion,2021028,2021,Mk9_219,2190039,TRUE,467,453,0.97,201.6,248,491.1,-1.831,2.771,0.231,0.752,1.536,1.244,0.872,0.982,
hier_fusion,2021031,2021,Mk9_219,2190062,TRUE,351,340,0.969,210,278.2,625.8,-1.39,3.091,0.231,0.86,1.696,1.467,0.744,0.997,
hier_fusion,2021032,2021,Mk9_219,2190072,TRUE,495,474,0.958,649.9,647.4,1017.3,0.371,6.319,-0.169,0.801,1.348,1.217,0.158,0.985,
hier_fusion,2021033,2021,Mk9_219,2190068,TRUE,475,452,0.952,191.3,227.7,411.5,-1.751,2.3,0.083,0.774,1.09,1.194,0.58,0.971,
hier_fusion,2021034,2021,Mk9_219,2190071,TRUE,458,439,0.959,235.3,304.4,648.9,-1.998,3.298,0.248,0.634,1.373,1.144,0.601,1,
hier_fusion,2021035,2021,Mk9_219,2190065,TRUE,476,446,0.937,333.1,328.8,660.5,-1.288,3.447,0.306,0.763,1.417,1.238,0.484,0.989,
hier_fusion,2022039,2022,Mk9_219,2190051,TRUE,323,78,0.241,230.6,227.3,330,0.947,2.334,-0.033,1.311,1.059,1.352,0.615,0.91,
hier_fusion,2022040,2022,Mk9_219,2190014,TRUE,487,103,0.211,527.2,540.2,900.5,-3.914,5.361,0.88,1.601,1.174,1.106,0.262,0.864,
hier_fusion,2022041,2022,Mk9_219,2190018,TRUE,484,467,0.965,339,316.2,625.6,-1.837,3.367,0.644,1.316,1.39,1.253,0.49,0.906,
hier_fusion,2022042,2022,Mk9_219,2190068,TRUE,492,423,0.86,380.8,467.2,906.1,-1.173,4.911,-0.014,1.1,1.503,1.253,0.326,0.934,
hier_fusion,2022043,2022,Mk9_219,2190071,TRUE,485,459,0.946,340.5,308.6,414.3,-0.161,2.897,0.105,0.689,0.869,0.796,0.168,0.965,
hier_fusion,2022046,2022,Mk9_219,2190072,TRUE,485,476,0.981,207.6,251.7,593.8,-1.086,2.823,-0.002,0.596,1.327,1.213,0.658,0.998,
hier_fusion,2023030,2023,Mk9_219,2190018,TRUE,489,378,0.773,221.8,233.4,375.3,-1.349,2.178,0.455,1.163,1.173,1.085,0.563,0.929,
hier_fusion,2023032,2023,Mk9_219,2190039,TRUE,464,460,0.991,518,523.9,890.5,-1.553,5.158,0.243,0.672,1.352,1.283,0.215,0.993,
hier_fusion,2023034,2023,Mk9_219,2190065,TRUE,626,295,0.471,325,361.1,653.7,-2.404,3.787,0.352,1.261,1.265,1.039,0.444,0.885,
hier_fusion,2023035,2023,Mk9_219,2190072,TRUE,462,374,0.81,532.7,562.7,993,-1.678,5.666,0.003,0.944,1.488,1.255,0.166,0.971,
hier_fusion,2023036,2023,Mk9_219,2190068,TRUE,505,400,0.792,235.9,252.9,472.5,-1.994,2.496,-0.033,1.044,1.063,1.286,0.56,0.975,
hier_fusion,2023037,2023,Mk9_219,2190020,TRUE,491,460,0.937,839.3,856.1,1441.4,-2.53,8.296,-0.008,0.959,1.541,1.317,0.07,0.965,
hier_fusion,2023038,2023,Mk9_219,2190062,TRUE,465,449,0.966,406.6,488.7,1005.2,-2.573,5.18,0.267,0.781,1.612,1.389,0.37,0.998,
hier_fusion,2023039,2023,Mk9_219,2190051,TRUE,481,456,0.948,458.8,455.9,814.5,-2.502,4.708,0.339,0.869,1.462,1.288,0.349,0.974,
hier_fusion,2023040,2023,Mk9_219,2190047,TRUE,397,373,0.94,323,382.7,808.6,-1.488,4.1,-0.081,0.898,1.93,1.487,0.654,0.976,
hier_fusion,2022044,2022,F18A,18A0779,TRUE,478,135,0.282,114.3,152,339.8,-0.894,1.561,-0.199,0.796,1.366,1.314,0.881,0.993,
hier_fusion,2022045,2022,F18A,18A0776,TRUE,456,286,0.627,228,320.4,758.6,-2.589,3.647,0.176,0.935,1.382,1.167,0.591,0.958,
hier_fusion,2022048,2022,F18A,18A0778,TRUE,466,380,0.815,330,398.8,859,-1.531,4.28,-0.426,0.851,1.425,1.314,0.461,0.984,
hier_fusion,2023041,2023,F18A,18A0779,TRUE,465,195,0.419,294.5,347.7,665.5,-3,3.568,-0.241,0.73,1.298,1.168,0.379,1,
ffbs_light,2023039,2023,Mk9_219,2190051,TRUE,482,459,0.952,323.8,323.6,585,-1.776,3.367,0.373,0.751,1.657,1.393,0.532,0.996,
ffbs_light,2021027,2021,Mk9_219,2190047,TRUE,488,466,0.955,155.7,213.4,491.4,-1.433,2.355,0.251,0.676,1.569,1.473,0.835,0.998,
ffbs_light,2023032,2023,Mk9_219,2190039,TRUE,465,463,0.996,310,368.2,833,-2.486,4.156,0.202,0.632,1.686,1.453,0.514,0.996,
ffbs_fusion,2023039,2023,Mk9_219,2190051,TRUE,482,459,0.952,335.1,322.2,587.2,-1.847,3.328,0.348,0.878,1.591,1.386,0.468,0.969,
ffbs_fusion,2021027,2021,Mk9_219,2190047,TRUE,488,466,0.955,174.1,227.3,480.4,-1.562,2.349,-0.19,0.95,1.558,1.392,0.854,0.966,
ffbs_fusion,2023032,2023,Mk9_219,2190039,TRUE,465,463,0.996,306.3,381.3,878.2,-2.65,4.33,0.16,0.679,1.633,1.467,0.488,0.987,
grid_light,2021023,2021,Mk9_219,2190018,TRUE,275,263,0.956,153.3,165.3,274.1,-0.125,1.573,0.38,0.82,1.481,1.317,0.928,1,-31219.01
grid_light,2021025,2021,Mk9_219,2190020,TRUE,477,457,0.958,164.5,216,464.3,-1.464,2.357,0.236,0.651,1.631,1.368,0.917,1,-54265.85
grid_light,2021026,2021,Mk9_219,2190022,TRUE,478,460,0.962,326.6,394.2,947.9,-2.006,4.414,0.648,0.932,1.682,1.343,0.554,1,-53738.25
grid_light,2021027,2021,Mk9_219,2190047,TRUE,488,465,0.953,163.2,201.9,408.7,-1.311,2.15,0.19,0.717,1.574,1.445,0.886,1,-55323.77
grid_light,2021028,2021,Mk9_219,2190039,TRUE,468,453,0.968,163.3,226.9,453.7,-1.577,2.481,0.264,0.709,1.61,1.352,0.896,1,-53162.59
grid_light,2021031,2021,Mk9_219,2190062,TRUE,352,341,0.969,231.6,291.3,629.9,-1.378,3.13,0.414,0.879,1.767,1.422,0.736,0.997,-39933.12
grid_light,2021032,2021,Mk9_219,2190072,TRUE,496,475,0.958,460.1,488.4,923.9,-0.969,4.925,0.183,0.741,1.692,1.439,0.335,1,-55032.44
grid_light,2021033,2021,Mk9_219,2190068,TRUE,476,453,0.952,194.7,249.4,465,-1.873,2.593,0.197,0.719,1.475,1.5,0.724,1,-53934.41
grid_light,2021034,2021,Mk9_219,2190071,TRUE,459,439,0.956,360.6,448.3,1086.4,-2.779,5.036,0.261,0.76,1.694,1.351,0.478,1,-51359.2
grid_light,2021035,2021,Mk9_219,2190065,TRUE,477,448,0.939,303.6,316,660.1,-1.455,3.308,0.376,0.829,1.701,1.42,0.569,1,-53784.97
grid_light,2022039,2022,Mk9_219,2190051,TRUE,324,78,0.241,275.3,263.8,433.7,1.438,2.622,0.23,1.401,1.256,1.623,0.564,0.949,-37038.55
grid_light,2022040,2022,Mk9_219,2190014,TRUE,488,101,0.207,498.1,573,1011.8,-3.502,5.655,1.589,1.826,1.527,1.365,0.198,0.842,-55348.15
grid_light,2022041,2022,Mk9_219,2190018,TRUE,485,467,0.963,167.2,218.6,480.1,-1.152,2.171,0.817,1.257,1.604,1.4,0.921,0.953,-55560.53
grid_light,2022042,2022,Mk9_219,2190068,TRUE,493,426,0.864,215.8,262.6,606.8,-0.53,2.898,0.082,0.748,1.635,1.349,0.772,1,-56575.47
grid_light,2022043,2022,Mk9_219,2190071,TRUE,486,459,0.944,248.6,265.7,447.3,-0.559,2.614,0.162,0.633,1.702,1.358,0.767,1,-54096.64
grid_light,2022046,2022,Mk9_219,2190072,TRUE,486,477,0.981,413.4,478.1,1102.8,-2.229,5.202,0.066,0.683,1.692,1.386,0.314,1,-53954.64
grid_light,2023030,2023,Mk9_219,2190018,TRUE,490,378,0.771,236,285.8,568.6,-1.436,2.886,0.648,1.071,1.621,1.411,0.701,1,-55825.33
grid_light,2023032,2023,Mk9_219,2190039,TRUE,465,461,0.991,310.5,366.6,833.2,-2.523,4.165,0.308,0.753,1.648,1.414,0.492,1,-51375.96
grid_light,2023034,2023,Mk9_219,2190065,TRUE,627,296,0.472,231.7,271.6,522.7,-1.551,2.792,0.691,1.255,1.609,1.442,0.811,1,-72180.53
grid_light,2023035,2023,Mk9_219,2190072,TRUE,463,374,0.808,297,314.5,558.2,-0.709,3.181,0.146,0.845,1.691,1.341,0.655,0.995,-53549.52
grid_light,2023036,2023,Mk9_219,2190068,TRUE,506,401,0.792,214.9,263.3,541.4,-1.802,2.915,0.269,0.943,1.417,1.56,0.743,0.995,-56874.61
grid_light,2023037,2023,Mk9_219,2190020,TRUE,492,462,0.939,505.3,515.1,776.5,-0.771,4.926,0.236,0.766,1.659,1.441,0.182,1,-57812.58
grid_light,2023038,2023,Mk9_219,2190062,TRUE,466,451,0.968,460.3,537.6,1074.2,-2.857,5.695,0.302,0.822,1.713,1.411,0.346,1,-52885.75
grid_light,2023039,2023,Mk9_219,2190051,TRUE,482,457,0.948,327.2,340.6,619.9,-1.924,3.537,0.386,0.768,1.649,1.328,0.49,1,-55001.45
grid_light,2023040,2023,Mk9_219,2190047,TRUE,398,373,0.937,236.7,263.8,518.3,-0.847,2.75,-0.076,0.865,1.796,1.421,0.871,0.992,-45803.5
grid_light,2022044,2022,F18A,18A0779,TRUE,479,131,0.273,126.5,145.8,297.4,0.787,1.478,-0.098,0.714,1.376,1.302,0.985,1,-53923.82
grid_light,2022045,2022,F18A,18A0776,TRUE,457,284,0.621,140.8,162.3,286.2,-0.586,1.557,0.273,0.776,1.457,1.223,0.982,0.989,-50751.72
grid_light,2022048,2022,F18A,18A0778,TRUE,467,383,0.82,246.5,259,403.2,0.184,2.609,-0.033,0.653,1.534,1.304,0.755,1,-52017.4
grid_light,2023041,2023,F18A,18A0779,TRUE,466,196,0.421,169.3,185,364.1,-1.429,1.879,-0.044,0.733,1.544,1.359,0.974,1,-52159.6
grid_fusion,2021023,2021,Mk9_219,2190018,TRUE,275,263,0.956,167,176.3,281.7,-0.361,1.554,0.202,1.035,1.46,1.282,0.989,0.947,-31226.65
grid_fusion,2021025,2021,Mk9_219,2190020,TRUE,477,457,0.958,160.3,217.6,464.3,-1.505,2.375,0.203,0.676,1.626,1.359,0.897,0.998,-54269.68
grid_fusion,2021026,2021,Mk9_219,2190022,TRUE,478,460,0.962,330.9,396.8,947.9,-2.067,4.422,0.581,0.975,1.679,1.329,0.561,0.987,-53744.3
grid_fusion,2021027,2021,Mk9_219,2190047,TRUE,488,465,0.953,176.9,217.3,450.8,-1.452,2.235,-0.16,0.902,1.544,1.357,0.884,0.97,-55345.4
grid_fusion,2021028,2021,Mk9_219,2190039,TRUE,468,453,0.968,163.3,226,453.7,-1.617,2.457,0.204,0.807,1.606,1.34,0.923,0.98,-53166.64
grid_fusion,2021031,2021,Mk9_219,2190062,TRUE,352,341,0.969,240.7,295.2,629.9,-1.448,3.157,0.362,0.901,1.763,1.408,0.754,0.991,-39937.02
grid_fusion,2021032,2021,Mk9_219,2190072,TRUE,496,475,0.958,460.1,482,923.9,-1.167,4.899,0.053,0.756,1.667,1.402,0.333,0.983,-55043.86
grid_fusion,2021033,2021,Mk9_219,2190068,TRUE,476,453,0.952,199.3,249.6,465,-1.954,2.562,0.117,0.836,1.473,1.478,0.757,0.98,-53942.76
grid_fusion,2021034,2021,Mk9_219,2190071,TRUE,459,439,0.956,357.8,447,1086.4,-2.798,5.032,0.245,0.763,1.692,1.344,0.492,1,-51361.73
grid_fusion,2021035,2021,Mk9_219,2190065,TRUE,477,448,0.939,306,315.5,660.1,-1.598,3.307,0.276,0.841,1.693,1.402,0.587,0.998,-53797.38
grid_fusion,2022039,2022,Mk9_219,2190051,TRUE,324,78,0.241,244.3,252.2,380.3,1.169,2.491,-0.014,1.485,1.238,1.524,0.641,0.91,-37044.81
grid_fusion,2022040,2022,Mk9_219,2190014,TRUE,488,101,0.207,563.4,588.4,1011.8,-4.195,5.901,0.985,1.769,1.469,1.264,0.248,0.802,-55377.81
grid_fusion,2022041,2022,Mk9_219,2190018,TRUE,485,467,0.963,169.6,223.1,482.7,-1.334,2.219,0.68,1.295,1.598,1.376,0.906,0.927,-55577.51
grid_fusion,2022042,2022,Mk9_219,2190068,TRUE,493,426,0.864,216.5,265.1,610.9,-0.587,2.878,-0.047,1.039,1.636,1.313,0.765,0.934,-56582.09
grid_fusion,2022043,2022,Mk9_219,2190071,TRUE,486,459,0.944,253.4,283.4,476.9,-0.989,2.823,-0.105,0.702,1.661,1.24,0.699,0.996,-54113.68
grid_fusion,2022046,2022,Mk9_219,2190072,TRUE,486,477,0.981,414,482,1102.8,-2.312,5.229,-0.011,0.682,1.684,1.375,0.296,0.996,-53961.23
grid_fusion,2023030,2023,Mk9_219,2190018,TRUE,490,378,0.771,235.7,287.5,568.6,-1.579,2.881,0.505,1.174,1.617,1.379,0.677,0.952,-55835.54
grid_fusion,2023032,2023,Mk9_219,2190039,TRUE,465,461,0.991,310.5,367.5,833.2,-2.534,4.166,0.284,0.768,1.64,1.404,0.492,1,-51378.58
grid_fusion,2023034,2023,Mk9_219,2190065,TRUE,627,296,0.472,268.6,318.7,611.4,-2.092,3.386,0.417,1.298,1.495,1.339,0.608,0.929,-72202.16
grid_fusion,2023035,2023,Mk9_219,2190072,TRUE,463,374,0.808,302,317.1,560.4,-0.744,3.189,0.058,0.957,1.687,1.319,0.644,0.971,-53554.82
grid_fusion,2023036,2023,Mk9_219,2190068,TRUE,506,401,0.792,258.5,316.9,624.6,-2.487,3.248,0.079,1.215,1.316,1.461,0.531,0.973,-56916.57
grid_fusion,2023037,2023,Mk9_219,2190020,TRUE,492,462,0.939,506,518.1,776.5,-0.851,4.933,0.113,0.877,1.655,1.413,0.147,0.968,-57826.73
grid_fusion,2023038,2023,Mk9_219,2190062,TRUE,466,451,0.968,453.9,537.8,1074.2,-2.886,5.702,0.262,0.844,1.708,1.4,0.344,0.993,-52888.99
grid_fusion,2023039,2023,Mk9_219,2190051,TRUE,482,457,0.948,316.7,338.6,619.9,-1.975,3.512,0.325,0.855,1.648,1.316,0.521,0.976,-55011.65
grid_fusion,2023040,2023,Mk9_219,2190047,TRUE,398,373,0.937,230.1,265.1,516.8,-0.893,2.755,-0.116,0.927,1.783,1.407,0.869,0.976,-45807.41
grid_fusion,2022044,2022,F18A,18A0779,TRUE,479,131,0.273,123.3,137.8,248.5,0.551,1.382,-0.25,0.715,1.36,1.263,0.985,1,-53929.07
grid_fusion,2022045,2022,F18A,18A0776,TRUE,457,284,0.621,135.6,159.1,284.8,-0.702,1.496,0.189,0.857,1.449,1.199,0.986,0.979,-50760.66
grid_fusion,2022048,2022,F18A,18A0778,TRUE,467,383,0.82,246,257.4,395.2,0.074,2.557,-0.14,0.728,1.518,1.278,0.768,0.995,-52024.08
grid_fusion,2023041,2023,F18A,18A0779,TRUE,466,196,0.421,170.5,188.6,395.2,-1.475,1.9,-0.146,0.751,1.524,1.322,0.969,0.995,-52167.77
grid_cal_untrunc,2021023,2021,Mk9_219,2190018,TRUE,275,263,0.956,162.3,189.9,355,-0.673,1.8,0.373,0.834,1.49,1.31,0.901,0.996,-31217.01
grid_cal_untrunc,2021025,2021,Mk9_219,2190020,TRUE,477,457,0.958,202.2,225.2,496.2,-1.589,2.405,0.234,0.654,1.631,1.371,0.969,1,-54267.52
grid_cal_untrunc,2021026,2021,Mk9_219,2190022,TRUE,478,460,0.962,263.9,353,886.7,-2.047,4.054,0.657,0.943,1.685,1.345,0.633,1,-53738.84
grid_cal_untrunc,2021027,2021,Mk9_219,2190047,TRUE,488,465,0.953,197.8,218.2,443.3,-1.401,2.265,0.201,0.729,1.576,1.451,0.951,1,-55327.15
grid_cal_untrunc,2021028,2021,Mk9_219,2190039,TRUE,468,453,0.968,160.5,223.9,553.5,-1.632,2.542,0.246,0.705,1.611,1.356,0.859,1,-53163.74
grid_cal_untrunc,2021031,2021,Mk9_219,2190062,TRUE,352,341,0.969,218.1,282.7,606.9,-1.653,3.046,0.426,0.901,1.767,1.416,0.783,0.997,-39932.8
grid_cal_untrunc,2021032,2021,Mk9_219,2190072,TRUE,496,475,0.958,522.8,553.5,1034.1,-0.934,5.557,0.173,0.743,1.704,1.453,0.286,1,-55041.86
grid_cal_untrunc,2021033,2021,Mk9_219,2190068,TRUE,476,453,0.952,204.1,252.9,559.5,-1.934,2.745,0.183,0.739,1.478,1.507,0.653,1,-53936.47
grid_cal_untrunc,2021034,2021,Mk9_219,2190071,TRUE,459,439,0.956,285.6,408.6,1016.6,-2.825,4.679,0.256,0.756,1.695,1.354,0.574,1,-51359.92
grid_cal_untrunc,2021035,2021,Mk9_219,2190065,TRUE,477,448,0.939,336,364.7,772.1,-1.527,3.851,0.376,0.849,1.703,1.425,0.518,1,-53789.58
grid_cal_untrunc,2022039,2022,Mk9_219,2190051,TRUE,324,78,0.241,215.9,225.9,385.9,0.887,2.284,0.23,1.392,1.261,1.61,0.705,0.949,-37033.24
grid_cal_untrunc,2022040,2022,Mk9_219,2190014,TRUE,488,101,0.207,446.7,517.8,927,-3.284,5.18,1.589,1.828,1.526,1.372,0.267,0.842,-55346.82
grid_cal_untrunc,2022041,2022,Mk9_219,2190018,TRUE,485,467,0.963,185.1,218.2,418.1,-1.22,2.092,0.851,1.288,1.606,1.402,0.946,0.946,-55561.85
grid_cal_untrunc,2022042,2022,Mk9_219,2190068,TRUE,493,426,0.864,148.6,227,559.1,-0.676,2.639,0.089,0.756,1.636,1.348,0.822,1,-56574.29
grid_cal_untrunc,2022043,2022,Mk9_219,2190071,TRUE,486,459,0.944,331.6,335.7,550.3,-0.651,3.295,0.136,0.635,1.709,1.365,0.569,1,-54102.21
grid_cal_untrunc,2022046,2022,Mk9_219,2190072,TRUE,486,477,0.981,364.5,437.5,1046.7,-2.233,4.853,0.085,0.712,1.693,1.388,0.407,1,-53957.89
grid_cal_untrunc,2023030,2023,Mk9_219,2190018,TRUE,490,378,0.771,259.3,326.9,665.2,-1.64,3.37,0.635,1.074,1.627,1.415,0.59,1,-55828.83
grid_cal_untrunc,2023032,2023,Mk9_219,2190039,TRUE,465,461,0.991,361.9,420.8,899.7,-2.623,4.663,0.297,0.747,1.654,1.419,0.466,1,-51384.99
grid_cal_untrunc,2023034,2023,Mk9_219,2190065,TRUE,627,296,0.472,220.1,254.8,491.6,-1.477,2.589,0.711,1.27,1.607,1.444,0.855,1,-72182
grid_cal_untrunc,2023035,2023,Mk9_219,2190072,TRUE,463,374,0.808,244.1,269.7,510.8,-0.757,2.732,0.143,0.832,1.693,1.34,0.759,0.997,-53547.53
grid_cal_untrunc,2023036,2023,Mk9_219,2190068,TRUE,506,401,0.792,178.9,241.4,536,-1.707,2.729,0.293,0.947,1.418,1.569,0.798,0.995,-56875.95
grid_cal_untrunc,2023037,2023,Mk9_219,2190020,TRUE,492,462,0.939,454.8,456.4,739.5,-0.833,4.419,0.238,0.757,1.659,1.437,0.262,1,-57808.53
grid_cal_untrunc,2023038,2023,Mk9_219,2190062,TRUE,466,451,0.968,437.3,492.4,998.5,-2.873,5.329,0.302,0.834,1.708,1.406,0.386,1,-52884.97
grid_cal_untrunc,2023039,2023,Mk9_219,2190051,TRUE,482,457,0.948,296.1,307.5,586,-1.959,3.209,0.402,0.788,1.653,1.33,0.632,1,-55000.61
grid_cal_untrunc,2023040,2023,Mk9_219,2190047,TRUE,398,373,0.937,175.9,217.6,456,-0.963,2.359,-0.044,0.847,1.796,1.416,0.962,0.989,-45801.38
grid_cal_untrunc,2022044,2022,F18A,18A0779,TRUE,479,131,0.273,165.9,186,340.2,0.696,1.851,-0.113,0.784,1.397,1.334,0.901,1,-53933.79
grid_cal_untrunc,2022045,2022,F18A,18A0776,TRUE,457,284,0.621,212.3,250.5,521.9,-1.47,2.731,0.227,0.733,1.498,1.261,0.708,0.993,-50779.13
grid_cal_untrunc,2022048,2022,F18A,18A0778,TRUE,467,383,0.82,368.9,369.7,630.6,-0.458,3.67,-0.077,0.694,1.543,1.319,0.35,1,-52036.35
grid_cal_untrunc,2023041,2023,F18A,18A0779,TRUE,466,196,0.421,194.4,263.7,548.8,-2.235,2.804,-0.115,0.782,1.582,1.402,0.816,1,-52200.94
grid_cal_pertag,2021023,2021,Mk9_219,2190018,TRUE,275,263,0.956,218.9,221.9,385.7,1.886,2.175,0.338,0.765,1.383,1.259,0.738,1,-31193.68
grid_cal_pertag,2021025,2021,Mk9_219,2190020,TRUE,477,457,0.958,232.2,326.6,766.3,-2.497,3.627,0.238,0.738,1.702,1.442,0.643,1,-54327.28
grid_cal_pertag,2021026,2021,Mk9_219,2190022,TRUE,478,460,0.962,213.2,333.8,848.6,-2.332,3.941,0.642,0.935,1.703,1.366,0.685,1,-53756.15
grid_cal_pertag,2021027,2021,Mk9_219,2190047,TRUE,488,465,0.953,87.3,130.8,313,0.502,1.467,0.311,0.63,1.496,1.386,0.955,1,-55316.65
grid_cal_pertag,2021028,2021,Mk9_219,2190039,TRUE,468,453,0.968,213,213.4,356,-0.347,2.074,0.282,0.605,1.555,1.294,0.894,1,-53138.96
grid_cal_pertag,2021031,2021,Mk9_219,2190062,TRUE,352,341,0.969,191.2,275,664.9,-2.058,3.026,0.429,0.856,1.742,1.376,0.774,0.997,-39914.39
grid_cal_pertag,2021032,2021,Mk9_219,2190072,TRUE,496,475,0.958,463.8,481.1,747.6,0.477,4.65,0.253,0.603,1.616,1.374,0.164,1,-55015.87
grid_cal_pertag,2021033,2021,Mk9_219,2190068,TRUE,476,453,0.952,75.6,111.8,256.5,0.37,1.241,0.124,0.547,1.403,1.421,0.965,1,-53908.99
grid_cal_pertag,2021034,2021,Mk9_219,2190071,TRUE,459,439,0.956,362.3,367.4,759.6,-1.593,3.819,0.327,0.738,1.605,1.282,0.417,1,-51297.82
grid_cal_pertag,2021035,2021,Mk9_219,2190065,TRUE,477,448,0.939,322.5,337.8,555.3,0.246,3.291,0.401,0.766,1.629,1.348,0.549,1,-53764.18
grid_cal_pertag,2022039,2022,Mk9_219,2190051,TRUE,324,78,0.241,213.7,269.1,467.8,-1.972,2.713,0.32,1.365,1.251,1.487,0.603,0.949,-36978.15
grid_cal_pertag,2022040,2022,Mk9_219,2190014,TRUE,488,101,0.207,242,306.6,487.8,-1.819,3.473,1.529,1.848,1.557,1.477,0.792,0.842,-55373.21
grid_cal_pertag,2022041,2022,Mk9_219,2190018,TRUE,485,467,0.963,1016.7,1124,2327.4,-9.03,11.9,0.513,1.539,1.866,1.728,0.122,0.938,-56109.66
grid_cal_pertag,2022042,2022,Mk9_219,2190068,TRUE,493,426,0.864,187.8,212.9,450.4,-0.002,2.228,0.091,0.688,1.585,1.31,0.887,1,-56557.65
grid_cal_pertag,2022043,2022,Mk9_219,2190071,TRUE,486,459,0.944,125.4,137.4,263.8,0.587,1.383,0.193,0.603,1.627,1.282,0.937,1,-54050.77
grid_cal_pertag,2022046,2022,Mk9_219,2190072,TRUE,486,477,0.981,270.4,287,546.1,-0.21,2.966,0.201,0.615,1.545,1.262,0.587,1,-53838.12
grid_cal_pertag,2023030,2023,Mk9_219,2190018,TRUE,490,378,0.771,313.7,368.9,787.2,-2.532,3.911,0.537,1.019,1.701,1.474,0.532,1,-55872.81
grid_cal_pertag,2023032,2023,Mk9_219,2190039,TRUE,465,461,0.991,355.6,416.3,944.4,-3.1,4.786,0.289,0.748,1.684,1.447,0.471,0.998,-51406.26
grid_cal_pertag,2023034,2023,Mk9_219,2190065,TRUE,627,296,0.472,436,514.3,995.6,-3.359,5.492,0.623,1.303,1.712,1.545,0.355,0.983,-72295.88
grid_cal_pertag,2023035,2023,Mk9_219,2190072,TRUE,463,374,0.808,474.1,592.2,1384.8,-4.241,6.637,0.119,0.932,1.887,1.49,0.43,0.997,-53700.34
grid_cal_pertag,2023036,2023,Mk9_219,2190068,TRUE,506,401,0.792,449.1,494,988.5,-3.106,5.359,0.234,0.972,1.486,1.627,0.304,0.995,-56971.07
grid_cal_pertag,2023037,2023,Mk9_219,2190020,TRUE,492,462,0.939,705.9,724.8,1072.9,-0.678,6.828,0.15,0.828,1.65,1.451,0.08,1,-57826.28
grid_cal_pertag,2023038,2023,Mk9_219,2190062,TRUE,466,451,0.968,1904.6,1449.5,2432.5,-10.859,15.417,-0.853,1.847,1.52,1.878,0.2,0.967,-53970.08
grid_cal_pertag,2023039,2023,Mk9_219,2190051,TRUE,482,457,0.948,520.4,534.2,910.1,-2.296,5.371,0.382,0.795,1.667,1.355,0.263,1,-55023.67
grid_cal_pertag,2023040,2023,Mk9_219,2190047,TRUE,398,373,0.937,414,472.8,958.2,-1.531,4.883,-0.116,1.012,1.863,1.503,0.41,0.995,-45868.41
grid_cal_pertag,2022044,2022,F18A,18A0779,TRUE,479,131,0.273,256.4,282.1,486.6,0.864,2.85,-0.075,0.815,1.435,1.393,0.656,1,-53975.34
grid_cal_pertag,2022045,2022,F18A,18A0776,TRUE,457,284,0.621,143.2,166,299.7,-0.656,1.624,0.245,0.757,1.46,1.226,0.979,0.989,-50753.82
grid_cal_pertag,2022048,2022,F18A,18A0778,TRUE,467,383,0.82,246.5,259,403.2,0.184,2.609,-0.033,0.653,1.534,1.304,0.755,1,-52017.4
grid_cal_pertag,2023041,2023,F18A,18A0779,TRUE,466,196,0.421,288.5,390.3,829.5,-3.342,4.172,-0.146,0.825,1.628,1.45,0.536,1,-52261.07
grid_light_freeend,2023032,2023,Mk9_219,2190039,TRUE,465,462,0.994,309.7,366.7,832.9,-2.527,4.163,0.298,0.752,1.66,1.419,0.494,1,-51372.65
grid_light_freeend,2023034,2023,Mk9_219,2190065,TRUE,627,297,0.474,233.3,271.2,520.6,-1.523,2.779,0.708,1.257,1.676,1.45,0.815,1,-72176.18
grid_light_freeend,2022048,2022,F18A,18A0778,TRUE,467,384,0.822,247.7,261.2,402.6,0.198,2.613,-0.059,0.687,1.555,1.312,0.755,1,-52013.7
